timestamp,distance_m,linear_x,angular_z,anomaly
1773869323.395,1.5172,0.300,0.000,OK
1773869323.895,1.5895,0.300,0.000,OK
1773869324.395,1.8535,0.300,0.000,OK
1773869324.895,1.9098,0.300,0.000,OK
1773869325.395,2.1165,0.300,0.000,OK
1773869325.895,2.1897,0.300,0.000,OK
1773869326.395,2.1944,0.300,0.000,OK
1773869326.895,2.2025,0.300,0.000,OK
1773869327.395,2.3288,0.300,0.000,OK
1773869327.895,2.2447,0.300,0.000,OK
1773869328.395,2.1848,0.300,0.000,OK
1773869328.895,2.1691,0.300,0.000,OK
1773869329.395,2.0624,0.300,0.000,OK
1773869329.895,1.9916,0.300,0.000,OK
1773869330.396,1.7232,0.300,0.000,OK
1773869330.895,1.5375,0.300,0.000,OK
1773869331.395,1.4549,0.300,0.000,OK
1773869331.895,1.3203,0.300,0.000,OK
1773869332.395,1.1668,0.300,0.000,OK
1773869332.896,1.0706,0.300,0.000,OK
1773869333.395,0.9010,0.300,0.000,OK
1773869333.895,0.8124,0.300,0.000,OK
1773869334.395,0.8221,0.300,0.000,OK
1773869334.895,0.6249,0.300,0.000,OK
1773869335.396,0.6755,0.300,0.000,OK
1773869335.895,0.8031,0.300,0.000,OK
1773869336.395,0.7948,0.300,0.000,OK
1773869336.895,0.8758,0.300,0.000,OK
1773869337.395,0.8980,0.300,0.000,OK
1773869337.895,1.1688,0.300,0.000,OK
1773869338.395,1.2340,0.300,0.000,OK
1773869338.895,1.4896,0.300,0.000,OK
1773869339.396,1.5551,0.300,0.000,OK
1773869339.895,1.7212,0.300,0.000,OK
1773869340.395,1.9199,0.300,0.000,OK
1773869340.896,2.0504,0.300,0.000,OK
1773869341.395,2.2416,0.300,0.000,OK
1773869341.895,2.2051,0.300,0.000,OK
1773869342.395,2.2809,0.300,0.000,OK
1773869342.895,2.2456,0.300,0.000,OK
1773869343.395,2.2820,0.300,0.000,OK
1773869343.895,2.3215,0.300,0.000,OK
1773869344.395,2.1413,0.300,0.000,OK
1773869344.895,2.0599,0.300,0.000,OK
1773869345.395,1.9941,0.300,0.000,OK
1773869345.895,1.8579,0.300,0.000,OK
1773869346.395,1.6852,0.300,0.000,OK
1773869346.895,1.5788,0.300,0.000,OK
1773869347.395,1.3058,0.300,0.000,OK
1773869347.895,1.1780,0.300,0.000,OK
1773869348.395,1.0668,0.300,0.000,OK
1773869348.895,0.9989,0.300,0.000,OK
1773869349.395,0.8687,0.300,0.000,OK
1773869349.895,0.8157,0.300,0.000,OK
1773869350.395,0.7138,0.300,0.000,OK
1773869350.895,0.6111,0.300,0.000,OK
1773869351.395,0.7287,0.300,0.000,OK
1773869351.895,0.6436,0.300,0.000,OK
1773869352.395,0.8662,0.300,0.000,OK
1773869352.895,0.9358,0.300,0.000,OK
1773869353.395,1.1026,0.300,0.000,OK
1773869353.895,1.2743,0.300,0.000,OK
1773869354.395,1.2982,0.300,0.000,OK
1773869354.895,1.5381,0.300,0.000,OK
1773869355.395,1.6591,0.300,0.000,OK
1773869355.895,1.7982,0.300,0.000,OK
1773869356.395,1.9196,0.300,0.000,OK
1773869356.895,2.1554,0.300,0.000,OK
1773869357.395,2.2185,0.300,0.000,OK
1773869357.895,2.3183,0.300,0.000,OK
1773869358.395,2.2268,0.300,0.000,OK
1773869358.895,2.3283,0.300,0.000,OK
1773869359.395,2.1050,0.300,0.000,OK
1773869359.895,2.2224,0.300,0.000,OK
1773869360.395,2.1272,0.300,0.000,OK
1773869360.895,2.0434,0.300,0.000,OK
1773869361.395,1.9744,0.300,0.000,OK
1773869361.895,1.6693,0.300,0.000,OK
1773869362.395,1.6824,0.300,0.000,OK
1773869362.895,1.3803,0.300,0.000,OK
1773869363.395,1.3311,0.300,0.000,OK
1773869363.895,1.1497,0.300,0.000,OK
1773869364.397,0.9375,0.300,0.000,OK
1773869364.896,0.8397,0.300,0.000,OK
1773869365.396,0.7768,0.300,0.000,OK
1773869365.895,0.7992,0.300,0.000,OK
1773869366.396,0.6714,0.300,0.000,OK
1773869366.895,0.5266,0.300,0.000,OK
1773869367.395,0.7518,0.300,0.000,OK
1773869367.896,0.7685,0.300,0.000,OK
1773869368.396,0.8972,0.300,0.000,OK
1773869368.895,1.0109,0.300,0.000,OK
1773869369.395,1.1871,0.300,0.000,OK
1773869369.896,1.2885,0.300,0.000,OK
1773869370.395,1.4233,0.300,0.000,OK
1773869370.895,1.6010,0.300,0.000,OK
1773869371.395,1.7438,0.300,0.000,OK
1773869371.895,1.9628,0.300,0.000,OK
1773869372.395,2.0049,0.300,0.000,OK
1773869372.895,2.1739,0.300,0.000,OK
1773869373.395,2.2772,0.300,0.000,OK
1773869373.895,2.1854,0.300,0.000,OK
1773869374.395,2.4451,0.300,0.000,OK
1773869374.895,2.3541,0.300,0.000,OK
1773869375.395,2.1860,0.300,0.000,OK
1773869375.895,2.0942,0.300,0.000,OK
1773869376.395,2.0943,0.300,0.000,OK
1773869376.895,1.9596,0.300,0.000,OK
1773869377.395,1.8570,0.300,0.000,OK
1773869377.895,1.7033,0.300,0.000,OK
1773869378.395,1.5489,0.300,0.000,OK
1773869378.895,1.4616,0.300,0.000,OK
1773869379.395,1.3107,0.300,0.000,OK
1773869379.895,1.0531,0.300,0.000,OK
1773869380.395,0.8821,0.300,0.000,OK
1773869380.895,0.7303,0.300,0.000,OK
1773869381.395,0.7480,0.300,0.000,OK
1773869381.895,0.6737,0.300,0.000,OK
1773869382.395,0.6911,0.300,0.000,OK
1773869382.895,0.7504,0.300,0.000,OK
1773869383.395,0.7977,0.300,0.000,OK
1773869383.895,0.8280,0.300,0.000,OK
1773869384.395,1.0093,0.300,0.000,OK
1773869384.895,1.1360,0.300,0.000,OK
1773869385.395,1.2458,0.300,0.000,OK
1773869385.895,1.3467,0.300,0.000,OK
1773869386.395,1.4262,0.300,0.000,OK
1773869386.895,1.8168,0.300,0.000,OK
1773869387.395,1.8292,0.300,0.000,OK
1773869387.895,2.0262,0.300,0.000,OK
1773869388.395,2.1230,0.300,0.000,OK
1773869388.895,2.1507,0.300,0.000,OK
1773869389.395,2.2646,0.300,0.000,OK
1773869389.895,2.2920,0.300,0.000,OK
1773869390.395,2.3303,0.300,0.000,OK
1773869390.895,2.2513,0.300,0.000,OK
1773869391.395,2.0614,0.300,0.000,OK
1773869391.895,2.0475,0.300,0.000,OK
1773869392.395,1.8613,0.300,0.000,OK
1773869392.895,1.7444,0.300,0.000,OK
1773869393.395,1.6557,0.300,0.000,OK
1773869393.895,1.4729,0.300,0.000,OK
1773869394.395,1.4812,0.300,0.000,OK
1773869394.895,1.2129,0.300,0.000,OK
1773869395.397,1.0816,0.300,0.000,OK
1773869395.895,0.9028,0.300,0.000,OK
1773869396.396,0.7421,0.300,0.000,OK
1773869396.895,0.8300,0.300,0.000,OK
1773869397.398,0.7623,0.300,0.000,OK
1773869397.897,0.6426,0.300,0.000,OK
1773869398.397,0.7349,0.300,0.000,OK
1773869398.896,0.8034,0.300,0.000,OK
1773869399.395,0.7287,0.300,0.000,OK
1773869399.895,0.8977,0.300,0.000,OK
1773869400.395,1.0020,0.300,0.000,OK
1773869400.895,1.1859,0.300,0.000,OK
1773869401.395,1.3223,0.300,0.000,OK
1773869401.896,1.4884,0.300,0.000,OK
1773869402.395,1.6414,0.300,0.000,OK
1773869402.895,1.8229,0.300,0.000,OK
1773869403.395,1.9434,0.300,0.000,OK
1773869403.895,2.0754,0.300,0.000,OK
1773869404.395,2.2712,0.300,0.000,OK
1773869404.895,2.1780,0.300,0.000,OK
1773869405.395,2.2567,0.300,0.000,OK
1773869405.895,2.3109,0.300,0.000,OK
1773869406.395,2.3609,0.300,0.000,OK
1773869406.895,2.2681,0.300,0.000,OK
1773869407.395,2.1390,0.300,0.000,OK
1773869407.895,1.9449,0.300,0.000,OK
1773869408.395,1.8875,0.300,0.000,OK
1773869408.895,1.8070,0.300,0.000,OK
1773869409.395,1.6400,0.300,0.000,OK
1773869409.895,1.5007,0.300,0.000,OK
1773869410.395,1.3311,0.300,0.000,OK
1773869410.895,1.1216,0.300,0.000,OK
1773869411.395,1.0012,0.300,0.000,OK
1773869411.895,0.9113,0.300,0.000,OK
1773869412.395,0.8320,0.300,0.000,OK
1773869412.895,0.7081,0.300,0.000,OK
1773869413.395,0.6221,0.300,0.000,OK
1773869413.895,0.6645,0.300,0.000,OK
1773869414.395,0.7726,0.300,0.000,OK
1773869414.895,0.7930,0.300,0.000,OK
1773869415.395,0.9369,0.300,0.000,OK
1773869415.895,0.9947,0.300,0.000,OK
1773869416.395,1.0778,0.300,0.000,OK
1773869416.895,1.2842,0.300,0.000,OK
1773869417.395,1.3972,0.300,0.000,OK
1773869417.895,1.5790,0.300,0.000,OK
1773869418.395,1.7623,0.300,0.000,OK
1773869418.895,1.8931,0.300,0.000,OK
1773869419.395,1.8989,0.300,0.000,OK
1773869419.895,2.0969,0.300,0.000,OK
1773869420.395,2.2716,0.300,0.000,OK
1773869420.895,2.2793,0.300,0.000,OK
1773869421.395,2.2967,0.300,0.000,OK
1773869421.895,2.2539,0.300,0.000,OK
1773869422.395,2.1775,0.300,0.000,OK
1773869422.895,2.1156,0.300,0.000,OK
1773869423.395,2.1462,0.300,0.000,OK
1773869423.895,1.9208,0.300,0.000,OK
1773869424.395,1.7350,0.300,0.000,OK
1773869424.895,1.6794,0.300,0.000,OK
1773869425.395,1.6068,0.300,0.000,OK
1773869425.895,1.3768,0.300,0.000,OK
1773869426.395,1.1930,0.300,0.000,OK
1773869426.895,1.1019,0.300,0.000,OK
1773869427.395,0.9527,0.300,0.000,OK
1773869427.897,0.8139,0.300,0.000,OK
1773869428.395,0.7058,0.300,0.000,OK
1773869428.897,0.6784,0.300,0.000,OK
1773869429.396,0.6638,0.300,0.000,OK
1773869429.897,0.7750,0.300,0.000,OK
1773869430.395,0.7024,0.300,0.000,OK
1773869430.895,0.7657,0.300,0.000,OK
1773869431.395,0.8285,0.300,0.000,OK
1773869431.896,1.0450,0.300,0.000,OK
1773869432.395,1.1941,0.300,0.000,OK
1773869432.896,1.4270,0.300,0.000,OK
1773869433.395,1.5524,0.300,0.000,OK
1773869433.895,1.6489,0.300,0.000,OK
1773869434.395,1.8055,0.300,0.000,OK
1773869434.896,1.9683,0.300,0.000,OK
1773869435.395,2.0859,0.300,0.000,OK
1773869435.895,2.1522,0.300,0.000,OK
1773869436.395,2.2337,0.300,0.000,OK
1773869436.895,2.2911,0.300,0.000,OK
1773869437.395,2.2997,0.300,0.000,OK
1773869437.895,2.2907,0.300,0.000,OK
1773869438.395,2.2285,0.300,0.000,OK
1773869438.895,2.1308,0.300,0.000,OK
1773869439.395,2.0304,0.300,0.000,OK
1773869439.895,1.8974,0.300,0.000,OK
1773869440.395,1.7281,0.300,0.000,OK
1773869440.895,1.5880,0.300,0.000,OK
1773869441.395,1.4356,0.300,0.000,OK
1773869441.895,1.1893,0.300,0.000,OK
1773869442.395,1.1235,0.300,0.000,OK
1773869442.895,1.0083,0.300,0.000,OK
1773869443.395,0.8987,0.300,0.000,OK
1773869443.895,0.8116,0.300,0.000,OK
1773869444.395,0.7301,0.300,0.000,OK
1773869444.895,0.6775,0.300,0.000,OK
1773869445.395,0.7447,0.300,0.000,OK
1773869445.895,0.7485,0.300,0.000,OK
1773869446.395,0.7231,0.300,0.000,OK
1773869446.895,0.8877,0.300,0.000,OK
1773869447.395,0.9661,0.300,0.000,OK
1773869447.895,1.1340,0.300,0.000,OK
1773869448.395,1.1824,0.300,0.000,OK
1773869448.895,1.4612,0.300,0.000,OK
1773869449.395,1.6307,0.300,0.000,OK
1773869449.895,1.6840,0.300,0.000,OK
1773869450.395,1.9085,0.300,0.000,OK
1773869450.895,2.0302,0.300,0.000,OK
1773869451.395,2.1573,0.300,0.000,OK
1773869451.895,2.2938,0.300,0.000,OK
1773869452.395,2.2628,0.300,0.000,OK
1773869452.895,2.3316,0.300,0.000,OK
1773869453.395,2.3480,0.300,0.000,OK
1773869453.895,2.2411,0.300,0.000,OK
1773869454.395,2.2425,0.300,0.000,OK
1773869454.895,2.0476,0.300,0.000,OK
1773869455.395,1.9842,0.300,0.000,OK
1773869455.895,1.8071,0.300,0.000,OK
1773869456.395,1.6900,0.300,0.000,OK
1773869456.895,1.5005,0.300,0.000,OK
1773869457.395,1.4990,0.300,0.000,OK
1773869457.895,1.1854,0.300,0.000,OK
1773869458.395,0.9791,0.300,0.000,OK
1773869458.895,0.9682,0.300,0.000,OK
1773869459.395,0.8819,0.300,0.000,OK
1773869459.899,0.6126,0.300,0.000,OK
1773869460.395,0.6759,0.300,0.000,OK
1773869460.895,0.7405,0.300,0.000,OK
1773869461.398,0.7716,0.300,0.000,OK
1773869461.895,0.7386,0.300,0.000,OK
1773869462.397,0.8927,0.300,0.000,OK
1773869462.896,0.9405,0.300,0.000,OK
1773869463.397,1.1197,0.300,0.000,OK
1773869463.896,1.2001,0.300,0.000,OK
1773869464.397,1.3490,0.300,0.000,OK
1773869464.896,1.5144,0.300,0.000,OK
1773869465.395,1.6519,0.300,0.000,OK
1773869465.896,1.7968,0.300,0.000,OK
1773869466.396,1.8958,0.300,0.000,OK
1773869466.895,2.0748,0.300,0.000,OK
1773869467.395,2.1338,0.300,0.000,OK
1773869467.896,2.2774,0.300,0.000,OK
1773869468.395,2.2145,0.300,0.000,OK
1773869468.895,2.3009,0.300,0.000,OK
1773869469.395,2.4014,0.300,0.000,OK
1773869469.895,2.1654,0.300,0.000,OK
1773869470.395,2.1686,0.300,0.000,OK
1773869470.895,1.9482,0.300,0.000,OK
1773869471.395,1.9219,0.300,0.000,OK
1773869471.895,1.6935,0.300,0.000,OK
1773869472.395,1.6092,0.300,0.000,OK
1773869472.895,1.3140,0.300,0.000,OK
1773869473.395,1.2305,0.300,0.000,OK
1773869473.895,1.1520,0.300,0.000,OK
1773869474.395,1.0156,0.300,0.000,OK
1773869474.895,0.9233,0.300,0.000,OK
1773869475.395,0.8223,0.300,0.000,OK
1773869475.895,0.7914,0.300,0.000,OK
1773869476.395,0.6782,0.300,0.000,OK
1773869476.895,0.6808,0.300,0.000,OK
1773869477.395,0.7443,0.300,0.000,OK
1773869477.895,0.8290,0.300,0.000,OK
1773869478.395,0.9155,0.300,0.000,OK
1773869478.895,1.0151,0.300,0.000,OK
1773869479.395,1.2384,0.300,0.000,OK
1773869479.895,1.3693,0.300,0.000,OK
1773869480.395,1.4539,0.300,0.000,OK
1773869480.895,1.5662,0.300,0.000,OK
1773869481.395,1.7766,0.300,0.000,OK
1773869481.895,1.9101,0.300,0.000,OK
1773869482.395,1.9670,0.300,0.000,OK
1773869482.895,2.2332,0.300,0.000,OK
1773869483.395,2.2513,0.300,0.000,OK
1773869483.895,2.4151,0.300,0.000,OK
1773869484.395,2.3996,0.300,0.000,OK
1773869484.895,2.2686,0.300,0.000,OK
1773869485.395,2.1115,0.300,0.000,OK
1773869485.895,2.2938,0.300,0.000,OK
1773869486.395,2.0149,0.300,0.000,OK
1773869486.895,1.8915,0.300,0.000,OK
1773869487.395,1.7549,0.300,0.000,OK
1773869487.895,1.6120,0.300,0.000,OK
1773869488.395,1.4748,0.300,0.000,OK
1773869488.895,1.3331,0.300,0.000,OK
1773869489.395,1.1769,0.300,0.000,OK
1773869489.895,0.8984,0.300,0.000,OK
1773869490.395,0.9290,0.300,0.000,OK
1773869490.895,0.8333,0.300,0.000,OK
1773869491.395,0.7465,0.300,0.000,OK
1773869491.895,0.7054,0.300,0.000,OK
1773869492.395,0.6589,0.300,0.000,OK
1773869492.896,0.7737,0.300,0.000,OK
1773869493.396,0.7530,0.300,0.000,OK
1773869493.897,0.8783,0.300,0.000,OK
1773869494.397,1.0135,0.300,0.000,OK
1773869494.896,1.1040,0.300,0.000,OK
1773869495.396,1.2616,0.300,0.000,OK
1773869495.895,1.4649,0.300,0.000,OK
1773869496.397,1.6209,0.300,0.000,OK
1773869496.897,1.7455,0.300,0.000,OK
1773869497.396,1.8773,0.300,0.000,OK
1773869497.896,2.0552,0.300,0.000,OK
1773869498.395,2.1011,0.300,0.000,OK
1773869498.895,2.2095,0.300,0.000,OK
1773869499.395,2.2138,0.300,0.000,OK
1773869499.895,2.2460,0.300,0.000,OK
1773869500.395,2.3245,0.300,0.000,OK
1773869500.895,2.2338,0.300,0.000,OK
1773869501.395,2.1891,0.300,0.000,OK
1773869501.895,2.1035,0.300,0.000,OK
1773869502.395,1.9679,0.300,0.000,OK
1773869502.895,1.9257,0.300,0.000,OK
1773869503.395,1.7761,0.300,0.000,OK
1773869503.895,1.4675,0.300,0.000,OK
1773869504.395,1.3602,0.300,0.000,OK
1773869504.895,1.1804,0.300,0.000,OK
1773869505.395,0.9992,0.300,0.000,OK
1773869505.895,0.9368,0.300,0.000,OK
1773869506.395,0.8576,0.300,0.000,OK
1773869506.895,0.7320,0.300,0.000,OK
1773869507.395,0.7264,0.300,0.000,OK
1773869507.895,0.6345,0.300,0.000,OK
1773869508.395,0.7521,0.300,0.000,OK
1773869508.895,0.8125,0.300,0.000,OK
1773869509.395,0.7009,0.300,0.000,OK
1773869509.895,0.9716,0.300,0.000,OK
1773869510.395,1.1428,0.300,0.000,OK
1773869510.895,1.0580,0.300,0.000,OK
1773869511.395,1.3569,0.300,0.000,OK
1773869511.895,1.4760,0.300,0.000,OK
1773869512.395,1.5894,0.300,0.000,OK
1773869512.895,1.7481,0.300,0.000,OK
1773869513.395,1.8794,0.300,0.000,OK
1773869513.895,2.0416,0.300,0.000,OK
1773869514.395,2.1712,0.300,0.000,OK
1773869514.895,2.2129,0.300,0.000,OK
1773869515.395,2.2993,0.300,0.000,OK
1773869515.895,2.2389,0.300,0.000,OK
1773869516.395,2.3326,0.300,0.000,OK
1773869516.895,2.2227,0.300,0.000,OK
1773869517.395,2.1740,0.300,0.000,OK
1773869517.895,2.0641,0.300,0.000,OK
1773869518.395,1.9231,0.300,0.000,OK
1773869518.895,1.8333,0.300,0.000,OK
1773869519.395,1.6155,0.300,0.000,OK
1773869519.895,1.4709,0.300,0.000,OK
1773869520.395,1.2288,0.300,0.000,OK
1773869520.895,1.1501,0.300,0.000,OK
1773869521.395,1.0254,0.300,0.000,OK
1773869521.895,0.8843,0.300,0.000,OK
1773869522.395,0.7461,0.300,0.000,OK
1773869522.895,0.7642,0.300,0.000,OK
1773869523.395,0.6667,0.300,0.000,OK
1773869523.895,0.6916,0.300,0.000,OK
1773869524.396,0.7322,0.300,0.000,OK
1773869524.897,0.6939,0.300,0.000,OK
1773869525.398,0.9181,0.300,0.000,OK
1773869525.895,0.9890,0.300,0.000,OK
1773869526.398,1.1263,0.300,0.000,OK
1773869526.895,1.3051,0.300,0.000,OK
1773869527.396,1.4264,0.300,0.000,OK
1773869527.895,1.5798,0.300,0.000,OK
1773869528.397,1.7935,0.300,0.000,OK
1773869528.896,1.9945,0.300,0.000,OK
1773869529.395,2.0281,0.300,0.000,OK
1773869529.895,2.0806,0.300,0.000,OK
1773869530.395,2.2324,0.300,0.000,OK
1773869530.895,2.2856,0.300,0.000,OK
1773869531.395,2.4181,0.300,0.000,OK
1773869531.895,2.2968,0.300,0.000,OK
1773869532.395,2.2536,0.300,0.000,OK
1773869532.895,2.1885,0.300,0.000,OK
1773869533.395,2.1329,0.300,0.000,OK
1773869533.896,1.9250,0.300,0.000,OK
1773869534.395,1.8521,0.300,0.000,OK
1773869534.895,1.6466,0.300,0.000,OK
1773869535.395,1.5139,0.300,0.000,OK
1773869535.895,1.3282,0.300,0.000,OK
1773869536.395,1.1629,0.300,0.000,OK
1773869536.895,0.9550,0.300,0.000,OK
1773869537.395,0.9836,0.300,0.000,OK
1773869537.895,0.8933,0.300,0.000,OK
1773869538.395,0.8213,0.300,0.000,OK
1773869538.895,0.7525,0.300,0.000,OK
1773869539.395,0.6282,0.300,0.000,OK
1773869539.895,0.6964,0.300,0.000,OK
1773869540.395,0.7649,0.300,0.000,OK
1773869540.895,0.8330,0.300,0.000,OK
1773869541.395,0.9593,0.300,0.000,OK
1773869541.895,1.0682,0.300,0.000,OK
1773869542.395,1.1463,0.300,0.000,OK
1773869542.895,1.2888,0.300,0.000,OK
1773869543.395,1.5221,0.300,0.000,OK
1773869543.895,1.7328,0.300,0.000,OK
1773869544.395,1.8969,0.300,0.000,OK
1773869544.895,1.9747,0.300,0.000,OK
1773869545.395,2.1091,0.300,0.000,OK
1773869545.895,2.0993,0.300,0.000,OK
1773869546.395,2.2497,0.300,0.000,OK
1773869546.895,2.2486,0.300,0.000,OK
1773869547.395,2.2693,0.300,0.000,OK
1773869547.895,2.3394,0.300,0.000,OK
1773869548.395,2.1484,0.300,0.000,OK
1773869548.895,2.0842,0.300,0.000,OK
1773869549.395,1.9942,0.300,0.000,OK
1773869549.896,1.8910,0.300,0.000,OK
1773869550.395,1.7441,0.300,0.000,OK
1773869550.895,1.4986,0.300,0.000,OK
1773869551.395,1.3912,0.300,0.000,OK
1773869551.895,1.2019,0.300,0.000,OK
1773869552.395,1.0987,0.300,0.000,OK
1773869552.895,1.0403,0.300,0.000,OK
1773869553.395,0.9161,0.300,0.000,OK
1773869553.895,0.8368,0.300,0.000,OK
1773869554.395,0.7501,0.300,0.000,OK
1773869554.895,0.7179,0.300,0.000,OK
1773869555.395,0.7958,0.300,0.000,OK
1773869555.895,0.7076,0.300,0.000,OK
1773869556.397,0.7682,0.300,0.000,OK
1773869556.895,1.0569,0.300,0.000,OK
1773869557.396,0.9562,0.300,0.000,OK
1773869557.895,1.1547,0.300,0.000,OK
1773869558.397,1.3709,0.300,0.000,OK
1773869558.897,1.4903,0.300,0.000,OK
1773869559.397,1.6726,0.300,0.000,OK
1773869559.896,1.7901,0.300,0.000,OK
1773869560.399,2.0110,0.300,0.000,OK
1773869560.895,2.0780,0.300,0.000,OK
1773869561.396,2.1549,0.300,0.000,OK
1773869561.895,2.1855,0.300,0.000,OK
1773869562.396,2.2855,0.300,0.000,OK
1773869562.895,2.1630,0.300,0.000,OK
1773869563.396,2.2237,0.300,0.000,OK
1773869563.895,2.2526,0.300,0.000,OK
1773869564.395,2.0836,0.300,0.000,OK
1773869564.895,2.0553,0.300,0.000,OK
1773869565.395,2.0106,0.300,0.000,OK
1773869565.895,1.8480,0.300,0.000,OK
1773869566.395,1.6557,0.300,0.000,OK
1773869566.895,1.5420,0.300,0.000,OK
1773869567.395,1.3612,0.300,0.000,OK
1773869567.895,1.1444,0.300,0.000,OK
1773869568.395,1.0546,0.300,0.000,OK
1773869568.895,0.9068,0.300,0.000,OK
1773869569.395,0.7724,0.300,0.000,OK
1773869569.895,0.7792,0.300,0.000,OK
1773869570.395,0.6090,0.300,0.000,OK
1773869570.895,0.7385,0.300,0.000,OK
1773869571.395,0.7379,0.300,0.000,OK
1773869571.895,0.7739,0.300,0.000,OK
1773869572.395,0.8628,0.300,0.000,OK
1773869572.895,0.9498,0.300,0.000,OK
1773869573.395,1.0369,0.300,0.000,OK
1773869573.895,1.2039,0.300,0.000,OK
1773869574.395,1.3188,0.300,0.000,OK
1773869574.895,1.5558,0.300,0.000,OK
1773869575.395,1.6743,0.300,0.000,OK
1773869575.895,1.8581,0.300,0.000,OK
1773869576.395,1.9829,0.300,0.000,OK
1773869576.895,2.1274,0.300,0.000,OK
1773869577.395,2.2134,0.300,0.000,OK
1773869577.895,2.3819,0.300,0.000,OK
1773869578.395,2.2534,0.300,0.000,OK
1773869578.895,2.2937,0.300,0.000,OK
1773869579.395,2.2944,0.300,0.000,OK
1773869579.895,2.2225,0.300,0.000,OK
1773869580.395,2.1705,0.300,0.000,OK
1773869580.895,2.0047,0.300,0.000,OK
1773869581.395,1.8893,0.300,0.000,OK
1773869581.895,1.7563,0.300,0.000,OK
1773869582.395,1.5462,0.300,0.000,OK
1773869582.895,1.3989,0.300,0.000,OK
1773869583.395,1.2502,0.300,0.000,OK
1773869583.895,1.0883,0.300,0.000,OK
1773869584.395,0.9682,0.300,0.000,OK
1773869584.895,0.9095,0.300,0.000,OK
1773869585.395,0.6716,0.300,0.000,OK
1773869585.895,0.6548,0.300,0.000,OK
1773869586.395,0.7340,0.300,0.000,OK
1773869586.895,0.6186,0.300,0.000,OK
1773869587.395,0.7703,0.300,0.000,OK
1773869587.895,0.8231,0.300,0.000,OK
1773869588.396,0.8283,0.300,0.000,OK
1773869588.895,1.0882,0.300,0.000,OK
1773869589.396,1.1350,0.300,0.000,OK
1773869589.897,1.2944,0.300,0.000,OK
1773869590.395,1.4544,0.300,0.000,OK
1773869590.895,1.6579,0.300,0.000,OK
1773869591.395,1.6704,0.300,0.000,OK
1773869591.895,1.9304,0.300,0.000,OK
1773869592.397,2.0668,0.300,0.000,OK
1773869592.895,2.2223,0.300,0.000,OK
1773869593.395,2.2515,0.300,0.000,OK
1773869593.895,2.2947,0.300,0.000,OK
1773869594.395,2.2485,0.300,0.000,OK
1773869594.895,2.2103,0.300,0.000,OK
1773869595.395,2.1812,0.300,0.000,OK
1773869595.895,2.1030,0.300,0.000,OK
1773869596.395,1.9943,0.300,0.000,OK
1773869596.895,1.8800,0.300,0.000,OK
1773869597.395,1.8417,0.300,0.000,OK
1773869597.895,1.5198,0.300,0.000,OK
1773869598.395,1.5319,0.300,0.000,OK
1773869598.895,1.3650,0.300,0.000,OK
1773869599.395,1.1328,0.300,0.000,OK
1773869599.895,0.9746,0.300,0.000,OK
1773869600.395,0.8651,0.300,0.000,OK
1773869600.895,0.8625,0.300,0.000,OK
1773869601.395,0.7088,0.300,0.000,OK
1773869601.895,0.6763,0.300,0.000,OK
1773869602.395,0.6441,0.300,0.000,OK
1773869602.895,0.7660,0.300,0.000,OK
1773869603.395,0.7444,0.300,0.000,OK
1773869603.895,0.9372,0.300,0.000,OK
1773869604.395,1.1275,0.300,0.000,OK
1773869604.895,1.1114,0.300,0.000,OK
1773869605.395,1.1869,0.300,0.000,OK
1773869605.895,1.3490,0.300,0.000,OK
1773869606.395,1.5282,0.300,0.000,OK
1773869606.895,1.7653,0.300,0.000,OK
1773869607.395,1.8687,0.300,0.000,OK
1773869607.895,1.9596,0.300,0.000,OK
1773869608.395,2.1242,0.300,0.000,OK
1773869608.895,2.1664,0.300,0.000,OK
1773869609.395,2.2883,0.300,0.000,OK
1773869609.895,2.2608,0.300,0.000,OK
1773869610.395,2.2555,0.300,0.000,OK
1773869610.895,2.2004,0.300,0.000,OK
1773869611.395,2.1729,0.300,0.000,OK
1773869611.895,2.1447,0.300,0.000,OK
1773869612.396,2.0889,0.300,0.000,OK
1773869612.895,1.8304,0.300,0.000,OK
1773869613.395,1.6907,0.300,0.000,OK
1773869613.895,1.4719,0.300,0.000,OK
1773869614.395,1.3081,0.300,0.000,OK
1773869614.895,1.2562,0.300,0.000,OK
1773869615.395,0.9797,0.300,0.000,OK
1773869615.895,0.9789,0.300,0.000,OK
1773869616.395,0.7872,0.300,0.000,OK
1773869616.895,0.8024,0.300,0.000,OK
1773869617.395,0.6808,0.300,0.000,OK
1773869617.895,0.7725,0.300,0.000,OK
1773869618.395,0.7659,0.300,0.000,OK
1773869618.895,0.7570,0.300,0.000,OK
1773869619.395,0.8560,0.300,0.000,OK
1773869619.895,0.9489,0.300,0.000,OK
1773869620.395,1.0155,0.300,0.000,OK
1773869620.895,1.1796,0.300,0.000,OK
1773869621.396,1.4923,0.300,0.000,OK
1773869621.895,1.4875,0.300,0.000,OK
1773869622.395,1.6512,0.300,0.000,OK
1773869622.895,1.9287,0.300,0.000,OK
1773869623.395,1.9766,0.300,0.000,OK
1773869623.897,2.0562,0.300,0.000,OK
1773869624.395,2.1764,0.300,0.000,OK
1773869624.895,2.3060,0.300,0.000,OK
1773869625.395,2.2278,0.300,0.000,OK
1773869625.895,2.2532,0.300,0.000,OK
1773869626.395,2.3794,0.300,0.000,OK
1773869626.895,2.1956,0.300,0.000,OK
1773869627.395,2.2268,0.300,0.000,OK
1773869627.895,2.0304,0.300,0.000,OK
1773869628.395,1.9018,0.300,0.000,OK
1773869628.896,1.7277,0.300,0.000,OK
1773869629.396,1.6253,0.300,0.000,OK
1773869629.895,1.5018,0.300,0.000,OK
1773869630.395,1.2965,0.300,0.000,OK
1773869630.895,1.0746,0.300,0.000,OK
1773869631.395,0.9900,0.300,0.000,OK
1773869631.895,0.9230,0.300,0.000,OK
1773869632.395,0.8185,0.300,0.000,OK
1773869632.895,0.7069,0.300,0.000,OK
1773869633.395,0.7247,0.300,0.000,OK
1773869633.895,0.7088,0.300,0.000,OK
1773869634.395,0.7231,0.300,0.000,OK
1773869634.895,0.8348,0.300,0.000,OK
1773869635.395,0.8094,0.300,0.000,OK
1773869635.895,1.0797,0.300,0.000,OK
1773869636.395,1.1515,0.300,0.000,OK
1773869636.895,1.2569,0.300,0.000,OK
1773869637.395,1.3755,0.300,0.000,OK
1773869637.895,1.6229,0.300,0.000,OK
1773869638.395,1.8203,0.300,0.000,OK
1773869638.895,1.8898,0.300,0.000,OK
1773869639.395,1.8615,0.300,0.000,OK
1773869639.895,2.1913,0.300,0.000,OK
1773869640.395,2.2330,0.300,0.000,OK
1773869640.895,2.2573,0.300,0.000,OK
1773869641.395,2.2949,0.300,0.000,OK
1773869641.895,2.2822,0.300,0.000,OK
1773869642.395,2.2974,0.300,0.000,OK
1773869642.895,2.1965,0.300,0.000,OK
1773869643.395,2.0038,0.300,0.000,OK
1773869643.895,1.9176,0.300,0.000,OK
1773869644.395,1.9073,0.300,0.000,OK
1773869644.895,1.6292,0.300,0.000,OK
1773869645.395,1.5241,0.300,0.000,OK
1773869645.895,1.3909,0.300,0.000,OK
1773869646.395,1.2254,0.300,0.000,OK
1773869646.895,1.0156,0.300,0.000,OK
1773869647.395,0.9287,0.300,0.000,OK
1773869647.895,0.7922,0.300,0.000,OK
1773869648.395,0.8210,0.300,0.000,OK
1773869648.895,0.6985,0.300,0.000,OK
1773869649.395,0.7448,0.300,0.000,OK
1773869649.895,0.6429,0.300,0.000,OK
1773869650.395,0.7617,0.300,0.000,OK
1773869650.895,0.8440,0.300,0.000,OK
1773869651.395,0.9367,0.300,0.000,OK
1773869651.895,1.0533,0.300,0.000,OK
1773869652.395,1.2247,0.300,0.000,OK
1773869652.895,1.3912,0.300,0.000,OK
1773869653.397,1.4919,0.300,0.000,OK
1773869653.899,1.7044,0.300,0.000,OK
1773869654.395,1.8511,0.300,0.000,OK
1773869654.895,1.9997,0.300,0.000,OK
1773869655.395,2.1542,0.300,0.000,OK
1773869655.896,2.2271,0.300,0.000,OK
1773869656.397,2.2058,0.300,0.000,OK
1773869656.895,2.3061,0.300,0.000,OK
1773869657.395,2.2935,0.300,0.000,OK
1773869657.895,2.2764,0.300,0.000,OK
1773869658.396,2.2384,0.300,0.000,OK
1773869658.896,2.0960,0.300,0.000,OK
1773869659.396,2.1028,0.300,0.000,OK
1773869659.896,1.8780,0.300,0.000,OK
1773869660.396,1.7990,0.300,0.000,OK
1773869660.895,1.5696,0.300,0.000,OK
1773869661.395,1.3877,0.300,0.000,OK
1773869661.895,1.2205,0.300,0.000,OK
1773869662.395,1.0645,0.300,0.000,OK
1773869662.895,0.9332,0.300,0.000,OK
1773869663.395,0.8237,0.300,0.000,OK
1773869663.895,0.7862,0.300,0.000,OK
1773869664.395,0.7613,0.300,0.000,OK
1773869664.895,0.6826,0.300,0.000,OK
1773869665.395,0.6626,0.300,0.000,OK
1773869665.895,0.7017,0.300,0.000,OK
1773869666.395,0.8644,0.300,0.000,OK
1773869666.895,0.8971,0.300,0.000,OK
1773869667.395,0.9607,0.300,0.000,OK
1773869667.895,1.1361,0.300,0.000,OK
1773869668.395,1.3609,0.300,0.000,OK
1773869668.895,1.4673,0.300,0.000,OK
1773869669.395,1.5432,0.300,0.000,OK
1773869669.895,1.7655,0.300,0.000,OK
1773869670.395,1.9647,0.300,0.000,OK
1773869670.896,2.0276,0.300,0.000,OK
1773869671.395,2.1892,0.300,0.000,OK
1773869671.895,2.1920,0.300,0.000,OK
1773869672.395,2.4018,0.300,0.000,OK
1773869672.895,2.2737,0.300,0.000,OK
1773869673.395,2.3217,0.300,0.000,OK
1773869673.895,2.2201,0.300,0.000,OK
1773869674.395,2.1431,0.300,0.000,OK
1773869674.895,2.1058,0.300,0.000,OK
1773869675.395,1.9487,0.300,0.000,OK
1773869675.895,1.8524,0.300,0.000,OK
1773869676.395,1.6589,0.300,0.000,OK
1773869676.895,1.5962,0.300,0.000,OK
1773869677.395,1.3360,0.300,0.000,OK
1773869677.896,1.1018,0.300,0.000,OK
1773869678.395,1.0124,0.300,0.000,OK
1773869678.895,0.9506,0.300,0.000,OK
1773869679.395,0.7465,0.300,0.000,OK
1773869679.895,0.7178,0.300,0.000,OK
1773869680.395,0.6432,0.300,0.000,OK
1773869680.895,0.6850,0.300,0.000,OK
1773869681.395,0.7660,0.300,0.000,OK
1773869681.895,0.7817,0.300,0.000,OK
1773869682.395,0.8425,0.300,0.000,OK
1773869682.895,0.8903,0.300,0.000,OK
1773869683.396,1.0910,0.300,0.000,OK
1773869683.895,1.2153,0.300,0.000,OK
1773869684.395,1.4061,0.300,0.000,OK
1773869684.895,1.5441,0.300,0.000,OK
1773869685.398,1.8076,0.300,0.000,OK
1773869685.895,1.8510,0.300,0.000,OK
1773869686.395,1.9683,0.300,0.000,OK
1773869686.895,2.1121,0.300,0.000,OK
1773869687.396,2.1463,0.300,0.000,OK
1773869687.895,2.2112,0.300,0.000,OK
1773869688.398,2.2362,0.300,0.000,OK
1773869688.897,2.3771,0.300,0.000,OK
1773869689.397,2.2725,0.300,0.000,OK
1773869689.896,2.1556,0.300,0.000,OK
1773869690.395,2.0939,0.300,0.000,OK
1773869690.895,1.9793,0.300,0.000,OK
1773869691.396,1.8663,0.300,0.000,OK
1773869691.895,1.7156,0.300,0.000,OK
1773869692.396,1.5040,0.300,0.000,OK
1773869692.895,1.3387,0.300,0.000,OK
1773869693.396,1.1803,0.300,0.000,OK
1773869693.895,1.1029,0.300,0.000,OK
1773869694.395,0.9293,0.300,0.000,OK
1773869694.896,0.8754,0.300,0.000,OK
1773869695.395,0.8513,0.300,0.000,OK
1773869695.895,0.7051,0.300,0.000,OK
1773869696.395,0.7072,0.300,0.000,OK
1773869696.895,0.7089,0.300,0.000,OK
1773869697.395,0.7827,0.300,0.000,OK
1773869697.895,0.8595,0.300,0.000,OK
1773869698.395,0.8571,0.300,0.000,OK
1773869698.895,0.9882,0.300,0.000,OK
1773869699.395,1.2302,0.300,0.000,OK
1773869699.895,1.3521,0.300,0.000,OK
1773869700.395,1.5316,0.300,0.000,OK
1773869700.895,1.6937,0.300,0.000,OK
1773869701.395,1.8040,0.300,0.000,OK
1773869701.895,1.9950,0.300,0.000,OK
1773869702.395,2.0295,0.300,0.000,OK
1773869702.895,2.0957,0.300,0.000,OK
1773869703.395,2.2583,0.300,0.000,OK
1773869703.895,2.2678,0.300,0.000,OK
1773869704.395,2.2636,0.300,0.000,OK
1773869704.895,2.2801,0.300,0.000,OK
1773869705.395,2.1577,0.300,0.000,OK
1773869705.895,2.1753,0.300,0.000,OK
1773869706.395,1.9477,0.300,0.000,OK
1773869706.895,1.9767,0.300,0.000,OK
1773869707.395,1.7970,0.300,0.000,OK
1773869707.895,1.6397,0.300,0.000,OK
1773869708.395,1.4566,0.300,0.000,OK
1773869708.895,1.3406,0.300,0.000,OK
1773869709.395,1.0935,0.300,0.000,OK
1773869709.895,1.0525,0.300,0.000,OK
1773869710.395,0.9437,0.300,0.000,OK
1773869710.895,0.7506,0.300,0.000,OK
1773869711.395,0.6694,0.300,0.000,OK
1773869711.895,0.6764,0.300,0.000,OK
1773869712.395,0.7417,0.300,0.000,OK
1773869712.895,0.7514,0.300,0.000,OK
1773869713.395,0.8466,0.300,0.000,OK
1773869713.895,0.8683,0.300,0.000,OK
1773869714.395,0.8896,0.300,0.000,OK
1773869714.895,1.1250,0.300,0.000,OK
1773869715.395,1.2873,0.300,0.000,OK
1773869715.895,1.4204,0.300,0.000,OK
1773869716.395,1.5537,0.300,0.000,OK
1773869716.895,1.6932,0.300,0.000,OK
1773869717.397,1.9148,0.300,0.000,OK
1773869717.896,1.9486,0.300,0.000,OK
